时间,预测负荷
2026/06/15 00:00:00,65777.08
2026/06/15 00:15:00,65012.22
2026/06/15 00:30:00,64362.72
2026/06/15 00:45:00,63726.70
2026/06/15 01:00:00,63583.38
2026/06/15 01:15:00,63188.78
2026/06/15 01:30:00,62635.35
2026/06/15 01:45:00,62161.44
2026/06/15 02:00:00,61639.33
2026/06/15 02:15:00,61396.51
2026/06/15 02:30:00,61023.90
2026/06/15 02:45:00,60738.19
2026/06/15 03:00:00,60712.00
2026/06/15 03:15:00,60487.91
2026/06/15 03:30:00,60339.90
2026/06/15 03:45:00,60124.22
2026/06/15 04:00:00,60179.87
2026/06/15 04:15:00,60587.50
2026/06/15 04:30:00,61186.06
2026/06/15 04:45:00,61254.54
2026/06/15 05:00:00,62007.88
2026/06/15 05:15:00,62408.42
2026/06/15 05:30:00,62440.30
2026/06/15 05:45:00,62786.47
2026/06/15 06:00:00,62513.30
2026/06/15 06:15:00,61618.14
2026/06/15 06:30:00,61268.69
2026/06/15 06:45:00,61025.68
2026/06/15 07:00:00,63823.35
2026/06/15 07:15:00,64412.76
2026/06/15 07:30:00,65575.59
2026/06/15 07:45:00,66104.10
2026/06/15 08:00:00,65817.79
2026/06/15 08:15:00,65464.58
2026/06/15 08:30:00,64566.11
2026/06/15 08:45:00,64008.09
2026/06/15 09:00:00,63468.47
2026/06/15 09:15:00,63035.47
2026/06/15 09:30:00,62470.52
2026/06/15 09:45:00,62184.83
2026/06/15 10:00:00,62304.93
2026/06/15 10:15:00,62173.87
2026/06/15 10:30:00,61884.34
2026/06/15 10:45:00,61621.95
2026/06/15 11:00:00,61137.94
2026/06/15 11:15:00,59411.03
2026/06/15 11:30:00,56407.24
2026/06/15 11:45:00,53964.98
2026/06/15 12:00:00,53385.13
2026/06/15 12:15:00,53354.56
2026/06/15 12:30:00,53633.14
2026/06/15 12:45:00,54012.21
2026/06/15 13:00:00,55787.27
2026/06/15 13:15:00,56390.58
2026/06/15 13:30:00,56964.59
2026/06/15 13:45:00,57700.14
2026/06/15 14:00:00,58704.19
2026/06/15 14:15:00,59742.08
2026/06/15 14:30:00,61044.12
2026/06/15 14:45:00,61838.26
2026/06/15 15:00:00,62587.74
2026/06/15 15:15:00,63772.78
2026/06/15 15:30:00,64950.30
2026/06/15 15:45:00,66069.82
2026/06/15 16:00:00,66706.07
2026/06/15 16:15:00,67954.86
2026/06/15 16:30:00,69404.11
2026/06/15 16:45:00,70376.61
2026/06/15 17:00:00,71464.84
2026/06/15 17:15:00,72686.13
2026/06/15 17:30:00,73575.64
2026/06/15 17:45:00,74847.51
2026/06/15 18:00:00,75637.29
2026/06/15 18:15:00,76468.87
2026/06/15 18:30:00,76915.37
2026/06/15 18:45:00,77616.09
2026/06/15 19:00:00,78239.66
2026/06/15 19:15:00,78724.54
2026/06/15 19:30:00,78733.48
2026/06/15 19:45:00,78553.01
2026/06/15 20:00:00,78265.78
2026/06/15 20:15:00,78146.30
2026/06/15 20:30:00,77815.11
2026/06/15 20:45:00,77302.20
2026/06/15 21:00:00,76599.63
2026/06/15 21:15:00,75571.29
2026/06/15 21:30:00,74505.40
2026/06/15 21:45:00,73490.79
2026/06/15 22:00:00,72461.44
2026/06/15 22:15:00,71390.90
2026/06/15 22:30:00,70038.47
2026/06/15 22:45:00,69182.76
2026/06/15 23:00:00,70710.81
2026/06/15 23:15:00,69810.10
2026/06/15 23:30:00,69043.32
2026/06/15 23:45:00,67733.12
